{
  "pins": [
    {
      "id": 1,
      "photo": "\\MobileProject\\img\\cc.jpg",
      "lat": "8.8950425",
      "lng": "99.352075",
      "description": "And then I'm you're girlfriend and you're my boyfriend."
    },
    {
      "id": 2,
      "photo": "\\MobileProject\\img\\bb.jpg",
      "lat": "7.8950425",
      "lng": "98.352075",
      "description": "It's flower."
    },
    {
      "photo": "\\MobileProject\\img\\aa.jpg",
      "description": "It's mt team.",
      "id": 3
    },
    {
      "photo": "\\MobileProject\\img\\aa.jpg",
      "description": "wrf",
      "id": 4
    },
    {
      "photo": "\\MobileProject\\img\\aa.jpg",
      "description": "asdasdqwdqwe",
      "id": 5
    },
    {
      "photo": "\\MobileProject\\img\\aa.jpg",
      "description": "tgwqf",
      "id": 6
    },
    {
      "photo": "\\MobileProject\\img\\aa.jpg",
      "description": ".,,,,,,louo",
      "id": 7
    },
    {
      "photo": "\\MobileProject\\img\\aa.jpg",
      "description": "s",
      "id": 8
    }
  ]
}